{
   "bindings" : {
      "/actions/main" : {
         "haptics" : [
            {
               "output" : "/actions/main/out/rightslice",
               "path" : "/user/hand/right/output/haptic"
            },
            {
               "output" : "/actions/main/out/leftslice",
               "path" : "/user/hand/left/output/haptic"
            }
         ],
         "poses" : [
            {
               "output" : "/actions/main/in/lefthandpose",
               "path" : "/user/hand/left/pose/raw"
            },
            {
               "output" : "/actions/main/in/righthandpose",
               "path" : "/user/hand/right/pose/raw"
            }
         ],
         "sources" : [
            {
               "inputs" : {
                  "pull" : {
                     "output" : "/actions/main/in/lefttriggervalue"
                  }
               },
               "mode" : "trigger",
               "path" : "/user/hand/left/input/trigger"
            },
            {
               "inputs" : {
                  "pull" : {
                     "output" : "/actions/main/in/righttriggervalue"
                  }
               },
               "mode" : "trigger",
               "path" : "/user/hand/right/input/trigger"
            },
            {
               "inputs" : {
                  "click" : {
                     "output" : "/actions/main/in/menu"
                  }
               },
               "mode" : "button",
               "path" : "/user/hand/right/input/application_menu"
            },
            {
               "inputs" : {
                  "click" : {
                     "output" : "/actions/main/in/menu"
                  }
               },
               "mode" : "button",
               "path" : "/user/hand/left/input/application_menu"
            }
         ]
      }
   },
   "controller_type" : "holographic_controller"
}
