{
   "action_manifest_version" : 0,
   "alias_info" : {},
   "app_key" : "steam.app.620980",
   "bindings" : {
      "/actions/customavatars": {
         "sources": [
            {
               "path": "/user/hand/left/input/skeleton/left",
               "mode": "none",
               "inputs": {}
            },
            {
               "path": "/user/hand/right/input/skeleton/right",
               "mode": "none",
               "inputs": {}
            },
            {
               "path": "/user/hand/left/input/system",
               "mode": "button",
               "inputs": {}
            }
         ],
         "skeleton": [
            {
               "output": "/actions/customavatars/in/lefthandanim",
               "path": "/user/hand/left/input/skeleton/left"
            },
            {
               "output": "/actions/customavatars/in/righthandanim",
               "path": "/user/hand/right/input/skeleton/right"
            }
         ]
      }
   },
   "category" : "steamvr_input",
   "controller_type" : "knuckles",
   "description" : "Action bindings for Beat Saber.",
   "name" : "Default Beat Saber Bindings",
   "options" : {},
   "simulated_actions" : []
}
